engine_id,bricklink_item_no,mapping_status,equivalence_policy,verification_source
BRICK_1X1,3005,verified_catalog_identity,bricklink_catalog_item,https://www.bricklink.com/v2/catalog/catalogitem.page?P=3005
BRICK_1X2,3004,verified_catalog_identity,bricklink_catalog_item,https://www.bricklink.com/v2/catalog/catalogitem.page?P=3004
BRICK_1X3,3622,verified_catalog_identity,bricklink_catalog_item,https://www.bricklink.com/v2/catalog/catalogitem.page?P=3622
BRICK_1X4,3010,verified_catalog_identity,bricklink_catalog_item,https://www.bricklink.com/v2/catalog/catalogitem.page?P=3010
BRICK_1X6,3009,verified_catalog_identity,bricklink_catalog_item,https://www.bricklink.com/v2/catalog/catalogitem.page?P=3009
BRICK_1X8,3008,verified_catalog_identity,bricklink_catalog_item,https://www.bricklink.com/v2/catalog/catalogitem.page?P=3008
BRICK_2X2,3003,verified_catalog_identity,bricklink_catalog_item,https://www.bricklink.com/v2/catalog/catalogitem.page?P=3003
BRICK_2X3,3002,verified_catalog_identity,bricklink_catalog_item,https://www.bricklink.com/v2/catalog/catalogitem.page?P=3002
BRICK_2X4,3001,verified_catalog_identity,bricklink_catalog_item,https://www.bricklink.com/v2/catalog/catalogitem.page?P=3001
BRICK_2X6,2456,verified_catalog_identity,bricklink_catalog_item,https://www.bricklink.com/v2/catalog/catalogitem.page?P=2456
BRICK_2X8,3007,verified_catalog_identity,bricklink_catalog_item,https://www.bricklink.com/v2/catalog/catalogitem.page?P=3007
BRICK_2X10,3006,verified_catalog_identity,bricklink_catalog_item,https://www.bricklink.com/v2/catalog/catalogitem.page?P=3006
PLATE_1X1,3024,verified_catalog_identity,bricklink_catalog_item,https://www.bricklink.com/v2/catalog/catalogitem.page?P=3024
PLATE_1X2,3023,verified_catalog_identity,bricklink_catalog_item,https://www.bricklink.com/v2/catalog/catalogitem.page?P=3023
PLATE_1X3,3623,verified_catalog_identity,bricklink_catalog_item,https://www.bricklink.com/v2/catalog/catalogitem.page?P=3623
PLATE_1X4,3710,verified_catalog_identity,bricklink_catalog_item,https://www.bricklink.com/v2/catalog/catalogitem.page?P=3710
PLATE_1X6,3666,verified_catalog_identity,bricklink_catalog_item,https://www.bricklink.com/v2/catalog/catalogitem.page?P=3666
PLATE_1X8,3460,verified_catalog_identity,bricklink_catalog_item,https://www.bricklink.com/v2/catalog/catalogitem.page?P=3460
BRICK_SLOPED_18_4X2,30363,verified_catalog_identity,exact_catalog_item,https://www.bricklink.com/v2/catalog/catalogitem.page?P=30363
BRICK_SLOPED_33_3X6,3939,verified_catalog_identity,exact_catalog_item,https://www.bricklink.com/v2/catalog/catalogitem.page?P=3939
BRICK_SLOPED_33_3X4,3297,verified_catalog_identity,exact_catalog_item,https://www.bricklink.com/v2/catalog/catalogitem.page?P=3297
BRICK_SLOPED_33_3X2,3298,verified_catalog_identity,exact_catalog_item,https://www.bricklink.com/v2/catalog/catalogitem.page?P=3298
BRICK_SLOPED_45_2X4,3037,verified_catalog_identity,exact_catalog_item,https://www.bricklink.com/v2/catalog/catalogitem.page?P=3037
BRICK_SLOPED_45_2X3,3038,verified_catalog_identity,exact_catalog_item,https://www.bricklink.com/v2/catalog/catalogitem.page?P=3038
BRICK_SLOPED_45_2X2,3039,verified_catalog_identity,exact_catalog_item,https://www.bricklink.com/v2/catalog/catalogitem.page?P=3039
BRICK_SLOPED_45_2X1,3040,verified_catalog_identity,exact_catalog_item,https://www.bricklink.com/v2/catalog/catalogitem.page?P=3040
TILE_2X2,3068,verified_catalog_identity,bricklink_catalog_item,https://www.bricklink.com/v2/catalog/catalogitem.page?P=3068
TILE_2X3,26603,verified_catalog_identity,exact_catalog_item,https://www.bricklink.com/v2/catalog/catalogitem.page?P=26603
TILE_2X4,87079,verified_catalog_identity,exact_catalog_item,https://www.bricklink.com/v2/catalog/catalogitem.page?P=87079
WINDOW_1X2X2_60592,60592,verified_catalog_identity,exact_catalog_item,https://www.bricklink.com/v2/catalog/catalogitem.page?P=60592
GLASS_FOR_WINDOW_1X2X2_60601,60601,verified_catalog_identity,exact_catalog_item,https://www.bricklink.com/v2/catalog/catalogitem.page?P=60601
WINDOW_1X2X3_60593,60593,verified_catalog_identity,exact_catalog_item,https://www.bricklink.com/v2/catalog/catalogitem.page?P=60593
GLASS_FOR_WINDOW_1X2X3_60602,60602,verified_catalog_identity,exact_catalog_item,https://www.bricklink.com/v2/catalog/catalogitem.page?P=60602
WINDOW_1X4X3_60594,60594,verified_catalog_identity,exact_catalog_item,https://www.bricklink.com/v2/catalog/catalogitem.page?P=60594
GLASS_FOR_WINDOW_1X4X3_60603,60603,verified_catalog_identity,exact_catalog_item,https://www.bricklink.com/v2/catalog/catalogitem.page?P=60603
